{
  "id": "1865806",
  "name": "processEngine",
  "font_family": "iconfont",
  "css_prefix_text": "icon-",
  "description": "",
  "glyphs": [
    {
      "icon_id": "10986257",
      "name": "流程类型",
      "font_class": "liuchengleixing",
      "unicode": "e6a2",
      "unicode_decimal": 59042
    },
    {
      "icon_id": "555522",
      "name": "委托任务",
      "font_class": "c-commission",
      "unicode": "e689",
      "unicode_decimal": 59017
    },
    {
      "icon_id": "7826697",
      "name": "业务设计-列表",
      "font_class": "yewusheji-liebiao",
      "unicode": "e7ff",
      "unicode_decimal": 59391
    },
    {
      "icon_id": "12992128",
      "name": "服务编排-连接线",
      "font_class": "Connection",
      "unicode": "e602",
      "unicode_decimal": 58882
    },
    {
      "icon_id": "54025",
      "name": "用户",
      "font_class": "muser1",
      "unicode": "e618",
      "unicode_decimal": 58904
    },
    {
      "icon_id": "255513",
      "name": "密码",
      "font_class": "mima",
      "unicode": "e623",
      "unicode_decimal": 58915
    },
    {
      "icon_id": "8746150",
      "name": "眼睛",
      "font_class": "yanjing",
      "unicode": "e654",
      "unicode_decimal": 58964
    },
    {
      "icon_id": "9662900",
      "name": "眼睛",
      "font_class": "yanjing1",
      "unicode": "e716",
      "unicode_decimal": 59158
    },
    {
      "icon_id": "6426028",
      "name": "首页-选中",
      "font_class": "shouye",
      "unicode": "e600",
      "unicode_decimal": 58880
    },
    {
      "icon_id": "6677519",
      "name": "待处理流程",
      "font_class": "daichuliliucheng",
      "unicode": "e710",
      "unicode_decimal": 59152
    },
    {
      "icon_id": "7499016",
      "name": "动态表单配置",
      "font_class": "dongtaibiaodanpeizhi",
      "unicode": "e626",
      "unicode_decimal": 58918
    },
    {
      "icon_id": "7657067",
      "name": "基础配置",
      "font_class": "jichupeizhi",
      "unicode": "e635",
      "unicode_decimal": 58933
    },
    {
      "icon_id": "8042924",
      "name": "面包屑",
      "font_class": "mianbaoxie",
      "unicode": "e619",
      "unicode_decimal": 58905
    },
    {
      "icon_id": "9006417",
      "name": "人员组管理",
      "font_class": "renyuanzuguanli",
      "unicode": "e601",
      "unicode_decimal": 58881
    },
    {
      "icon_id": "9899821",
      "name": "我的流程",
      "font_class": "wodeliucheng",
      "unicode": "e6d7",
      "unicode_decimal": 59095
    },
    {
      "icon_id": "9972456",
      "name": "流程中心",
      "font_class": "liuchengzhongxin",
      "unicode": "e64c",
      "unicode_decimal": 58956
    },
    {
      "icon_id": "10519500",
      "name": "组织架构",
      "font_class": "zuzhi",
      "unicode": "e6c3",
      "unicode_decimal": 59075
    },
    {
      "icon_id": "12747008",
      "name": "流程设计",
      "font_class": "ziyuan",
      "unicode": "e604",
      "unicode_decimal": 58884
    },
    {
      "icon_id": "13312476",
      "name": "用户管理",
      "font_class": "yonghu",
      "unicode": "e70b",
      "unicode_decimal": 59147
    },
    {
      "icon_id": "14772250",
      "name": "2.3 已处理流程",
      "font_class": "23yichuliliucheng",
      "unicode": "e6b2",
      "unicode_decimal": 59058
    }
  ]
}
